sex,Length,Diameter,height,whole-weight,shucked-weight,viscera-weight,shell-weight,rings
I,106,85,26,156.2,78.1,40.1,43,9
F,127,98,31,229,95.5,60.7,63.1,9
F,100,88,31,148.4,40.5,40.1,42.3,14
F,107,81,25,185.4,52,28.5,69,16
F,122,97,34,220.1,102.5,45.8,61,11
M,101,80,30,155,68.9,31.4,37,7
F,93,70,27,125.3,51.8,28.9,35,8
M,134,100,38,303.8,123.2,77.6,83,10
I,32,22,5,3.9,1.5,1,1.2,4
I,79,58,19,60,31.6,13.6,15.6,7
F,129,105,38,292.7,132.3,68.7,87,19
M,105,86,33,172.9,75.2,38.9,50.3,16
I,98,74,22,107.6,54.2,20.7,27.8,8
M,71,53,18,33.6,10,8.2,12.6,8
M,142,111,39,389.7,189.1,75.3,99,12
F,124,87,31,202.4,95.4,47.2,55,8
I,113,88,35,174.7,82.8,42,42,11
M,131,104,34,228.9,106,44.6,69.6,9
I,101,76,27,107.7,52.9,19,33,9
I,39,27,8,6.5,2.7,1,1.9,4
M,118,95,32,189.1,76.3,36.8,54,19
I,73,54,21,43.1,18.3,9.5,12.6,6
F,97,78,20,111.3,44.3,23.1,37,9
F,103,85,28,153.2,60.8,34.5,51,14
F,127,99,35,242.2,141.4,54.5,64.6,9
I,108,84,28,125.5,50.1,23.5,47,9
I,90,66,20,82.2,38.9,20,19.6,6
F,107,81,29,136.9,54.5,34.2,41,10
F,122,94,32,203.4,85.2,45.1,64,12
I,110,90,28,150.6,68.9,26.5,48,8
F,131,106,38,285.6,98.6,63.6,113,18
I,75,58,28,60,28,12.5,16.5,8
I,104,81,28,135.3,57.3,29.2,41,15
M,117,92,33,222.7,116.5,46.9,54.8,10
I,89,66,20,87.4,32.6,15.1,34,13
F,104,81,23,155.2,64,36.9,44,8
I,69,57,20,44.5,17.3,11.6,15,8
I,64,48,15,34.7,15.2,7.1,10,7
I,69,51,19,38.9,18.5,7.4,11,6
M,39,29,10,6.4,2,1.6,2.4,4
F,115,96,33,215.6,102.2,41.9,61.2,9
I,92,70,23,83.1,36,19.6,23.5,7
F,122,94,39,254.7,93.8,66.3,79.6,12
M,127,102,37,261.6,108.8,63.6,75.4,8
F,100,76,31,131,48.1,28.6,41,17
F,106,83,23,118.3,46.6,31.7,36,11
F,113,90,32,159,72.1,31.1,46,12
F,99,77,26,138.1,62.5,35.8,35,10
M,131,97,39,324,125.5,71.6,97,17
F,126,98,34,243.1,92.5,40.9,62.1,10
F,110,90,29,148.2,59,28.7,53.3,10
M,143,110,35,365,187.6,76.1,88,11
I,78,60,19,65.3,33.3,11.5,17.8,7
F,110,86,28,168,75,43.6,38.9,8
F,119,99,47,273.2,101.3,43.8,104,13
M,125,91,34,216.4,99.1,46.9,63,9
F,98,76,25,109.8,49,21.5,34.8,10
M,132,99,39,325.5,118.8,71.9,97,10
F,130,101,33,271.4,114.5,56.2,86,11
F,121,93,31,220,109.4,53.3,51.7,10
I,85,76,21,65.3,25.7,15.7,20,10
M,123,99,31,257.3,87,58.6,64.9,11
M,79,56,16,53.2,19.9,13.2,18,12
F,134,104,30,281.2,103.8,69.6,74,13
F,133,105,42,328.8,163.6,67.9,85.5,10
I,87,65,24,79.9,36.3,12.2,22.5,8
M,99,80,31,161.7,46.9,23.1,70,6
F,141,108,41,351.4,165.3,83.4,92.2,9
F,99,82,25,151.1,67.1,25.8,42.8,9
F,115,92,29,198.9,93.2,45.8,53,7
I,102,80,25,118.7,47.8,26,40.8,8
I,104,79,27,126.6,59.7,25.9,35,9
M,92,69,22,91.9,47,17.7,23.2,7
F,117,92,30,200.7,100.6,42.1,50.3,11
I,92,72,21,93.2,44.5,19.8,22,7
I,50,37,13,13.7,5.9,2.8,4.5,5
M,129,97,43,302.8,109.2,52.3,127,16
M,109,85,27,168.9,74.6,42,47,10
F,124,96,33,208.6,96.7,44.2,62,10
F,125,105,39,270.4,90.1,48.9,106,13
I,96,74,25,94.8,35.8,20.7,35,9
M,125,104,35,282.1,138.2,64.4,69.3,10
M,133,101,32,257.8,122.9,50.6,73.3,11
I,103,79,25,132.7,64,28,34,8
F,124,100,30,258.6,119.2,62.7,70.8,10
I,102,91,27,137.1,57.5,30.8,40.7,9
M,101,77,22,131,63.7,30,37,9
M,85,65,19,75.7,34.1,16,20,7
I,39,30,9,7.5,3.6,1.2,2.2,3
M,107,86,31,156.9,65.7,33.8,49,10
M,104,80,24,116,46.8,26.3,37,8
I,93,69,22,78.6,36.5,14.7,24,8
I,61,44,14,28.2,12.4,6.2,7.4,5
I,106,83,29,188.8,76.9,37,53,21
I,97,74,28,101.3,48.5,17.6,29.3,8
M,138,105,40,356.5,183.3,66.5,92.2,12
F,86,68,22,76.4,30.8,19.1,21.8,8
M,105,80,28,146.5,66.8,31.5,34,11
I,96,71,23,115.7,50,21.2,36.8,8
M,106,81,25,130.3,54.3,32.1,37.2,7
I,56,44,16,26.3,13.2,4.8,6,5
I,133,100,34,259.5,120.7,58.2,71.9,9
F,127,95,30,236.9,106.6,61.4,58.2,10
F,116,87,28,190.6,95,43.3,41.9,9
F,151,115,40,414.6,202.7,93.1,96,11
I,107,90,27,145.6,56.9,36.9,53,9
F,140,105,38,329.3,170.9,61.4,79.9,9
M,116,91,30,202.4,99.7,42.3,56.7,10
F,130,99,31,267.4,123,63.9,67,9
F,107,80,30,160.9,66.9,42.5,42,13
F,119,91,31,212.1,102.7,43.3,60,12
M,77,62,20,56.9,21.3,15,20,11
F,118,93,30,199.4,78.4,49.2,68,12
I,65,48,14,30.4,11.3,6.1,10.8,8
M,117,91,29,190.6,78.9,53.7,51.6,10
I,75,56,16,44.7,23,8.6,11,6
F,119,97,29,250.3,100.7,58.5,66,14
M,134,105,34,280.1,143,60.5,77.4,9
I,58,42,14,22.3,9.6,4.1,6,5
I,51,38,10,16.6,5.9,4.3,5.4,6
M,117,86,32,191,72.5,35.2,54,11
M,132,101,40,326.1,97.3,59.4,122,18
M,77,51,20,63.5,27.4,13.6,18.4,8
F,116,91,24,214.7,95.8,54.7,53,10
I,74,55,20,56.3,30.1,10.1,13.6,5
I,88,70,24,75,28.5,19.3,23,9
M,77,59,19,67,29.4,18.8,18,7
F,115,87,30,206.1,92.1,43.6,72,8
M,121,95,32,323.2,109.9,66.4,68,18
M,128,101,31,239.1,111.3,42.2,69.2,11
M,131,105,32,292,137.2,62.2,81,11
F,105,86,25,162.6,66.3,33.2,35.5,12
I,110,84,27,163.2,79.9,29.7,46,12
M,121,96,34,236.7,116.4,47.3,63.4,10
I,55,44,16,27.3,11.3,5.7,8.4,6
M,107,81,37,166.9,63.5,34.5,58,16
F,105,81,23,144,62.1,38.3,40,14
M,77,60,23,68.7,32.9,17,20.5,6
F,127,102,37,257.2,105.2,59,82.1,12
I,65,50,16,34.7,15.3,6.9,9.8,7
F,132,101,38,280.9,125.1,67.5,74.9,9
M,116,92,36,229,96,55.4,65,11
I,88,68,24,87.6,42.3,16.6,24,9
I,67,50,16,36.6,14.7,8,11.5,6
I,40,31,8,8.7,3.1,1.8,1.4,4
M,94,74,27,109.4,44.4,26.5,34,12
F,94,70,29,103.5,37.4,24.7,36,11
I,109,86,26,151.9,71.6,30.6,41.1,8
M,120,95,34,226.3,101.6,54.4,61.8,10
M,106,82,25,153.8,69.2,34.6,43,9
M,126,98,32,218,81.4,44.8,70.8,12
F,120,101,38,225.8,87.7,51.2,72,13
F,114,87,28,161.7,64.7,36.6,44,16
I,94,74,22,111.1,50,23,32.6,8
M,107,82,27,172.4,57.1,30.5,64,14
F,126,100,32,244,98.1,60,69,14
I,130,105,36,325.2,119.4,68.9,106,18
I,111,87,29,139.5,52.4,31.5,48,11
M,133,100,35,259.5,121.5,62.8,63,9
I,51,36,11,16.6,6.2,4.3,4,4
M,120,95,30,217.8,103.9,44.6,58.4,11
I,93,73,23,93.4,46.3,18.5,22.6,7
F,83,68,26,73.5,29.2,17.7,24,10
F,132,95,36,273.9,128.2,58.8,67,6
F,146,116,38,347.5,135.7,86.9,104,11
I,97,75,22,92.8,40.3,18,29.8,8
F,92,70,23,88,38,20.5,26,8
M,126,103,35,239.1,98.4,49.4,74,11
I,48,34,10,10.9,4.1,3.2,3.1,5
F,113,88,32,183,70.8,38.7,64,12
F,144,112,35,345.3,127.4,68.3,105,17
F,119,96,30,222,99.6,45.6,66,10
M,144,120,47,447.7,196.8,82.2,124.2,12
I,75,58,20,43.8,18.5,7.6,15,6
F,97,79,32,132,49.5,25.6,47,14
F,126,96,35,273.5,100.3,60.7,103,17
F,133,111,39,287.7,116.2,70.8,72,17
M,129,103,32,236.9,101.2,62.2,67,9
M,130,100,31,240.4,113,62.7,58.8,11
M,145,110,40,302,174.7,85.3,101.7,9
F,114,88,25,173,73.5,34.5,54,12
I,64,49,16,31.7,12.7,6.5,10,13
M,98,79,27,110.9,42.6,18.5,43,14
M,102,80,28,138.1,51.8,30.2,46,10
I,104,80,28,124.4,55.6,29.1,33.8,8
F,114,88,28,190.7,75.7,40.2,61,17
I,61,43,13,21.5,8.8,4.1,7.6,5
I,78,62,21,53.3,23.7,10.5,16.2,8
I,95,73,20,26.3,40.5,17.5,24.6,7
I,61,45,18,29.3,12.6,6.8,8.3,6
M,154,120,43,438.9,210.3,96.4,116.8,10
I,26,20,6,2.6,0.9,0.6,0.8,3
F,106,85,34,189.8,69.7,47.9,55.6,17
M,156,120,42,509.6,238.9,114.9,134.9,11
M,116,94,33,199.5,78.7,48.4,66,10
F,128,99,34,245.3,98,75.4,57.5,11
F,141,111,39,350.5,142.1,84.3,103.2,12
F,114,90,30,192.9,106.2,37.8,41.8,9
I,90,67,19,70.1,32.3,12.5,23.7,7
M,113,85,27,162.3,68.2,33.5,51,15
M,123,90,30,239.6,141.4,41.9,50.1,7
M,123,101,38,280.6,134.3,58.5,73,8
I,67,49,18,33.3,11.9,8,12,6
I,105,80,28,121.1,52.1,21.6,42,9
I,102,79,31,107.9,49.3,21.7,33.4,8
F,90,67,21,85,37.3,18.2,23,9
F,130,103,39,280.1,103.9,72,88,13
I,85,62,18,60.2,27.7,13,16,7
F,113,88,31,187.9,85.5,42.8,54,12
F,142,109,35,381.4,174.5,91.3,95,11
F,120,94,34,216.1,99.9,44.9,64.1,9
F,93,78,28,111.1,42.6,21.5,43,15
F,125,98,29,184,87.4,34.7,56,10
M,111,88,30,151,61.4,30.5,52,12
F,133,103,36,277.8,118.9,64.8,79,10
M,130,101,36,293.8,142.3,66.7,76,9
I,59,45,16,24.8,9.7,6.4,8,9
I,100,76,27,105.7,45.2,24.6,41.8,8
M,83,63,23,77.9,40.3,13,20.6,9
F,114,90,32,194.3,79.3,51,52,12
I,42,30,11,9.1,4,1.3,2.6,4
F,127,101,29,226.9,101,53.1,63,10
M,72,54,20,43.4,17.7,9.9,14.3,6
M,106,86,27,175.8,56,43.3,50,10
I,66,52,16,38,15.3,7.7,13,7
F,105,80,26,139.9,62.3,26.2,44.6,9
I,71,56,22,44.7,16.3,10.5,16,7
I,97,77,26,113.6,50.1,35.6,30.8,7
I,55,41,13,20.2,8.2,4.2,6.8,5
M,125,99,35,250.8,116.3,57.2,63.7,9
I,74,54,19,43.5,19.4,9.2,13,6
M,118,94,32,241.2,95.8,48.5,61.8,8
M,110,84,34,169.3,67.2,48.1,49,13
F,109,84,35,150.8,51.2,35.5,55,10
I,94,74,28,99.7,41.9,24.5,29,10
F,134,103,34,285.3,132.1,67.9,74,11
M,80,61,17,59.4,21.6,14.1,20,10
M,134,102,35,305.3,130.2,89.5,69,10
F,131,105,35,269.6,117.1,52.1,78.8,10
I,75,57,16,45.2,19.5,8,14.5,7
F,129,105,38,361.7,140.7,77.7,79,18
F,75,58,16,56.4,28.1,14.5,16,7
F,121,96,35,233.7,96.3,46.1,71.2,9
I,85,68,20,70.3,32.5,16.4,18.8,7
M,66,43,15,22.9,9,5.3,7,6
F,128,96,39,228.7,98.3,46.9,70.6,9
F,118,88,28,201.4,95.5,42.1,58.5,9
I,82,62,18,66.7,32.7,12.2,18.2,6
F,115,97,33,208.1,83.8,52.8,60,14
F,131,91,34,257.9,117.4,63.3,68.3,11
I,103,80,27,127.2,61.1,24.3,37.1,9
I,110,88,33,172.1,62.4,33.8,60,17
I,85,65,22,81,33.9,18.4,21.3,8
M,128,101,33,288.7,122.9,60.7,78,18
F,106,82,26,139.3,60.4,38.7,40,10
M,89,70,24,88.5,38.4,19.1,27,8
M,123,94,32,203.5,94.6,47.9,56,10
I,78,58,18,52.5,23.4,10.8,15.4,7
F,114,90,36,181.6,80.3,43.4,51,9
F,134,104,39,361.3,151.6,74.7,101.1,11
F,126,100,34,262.7,111.9,53.4,80,20
F,88,68,21,72.8,29.6,16.1,23.5,8
M,117,91,30,197.4,87.1,41.5,62,11
M,132,101,38,287.7,135.5,57,35.6,11
F,122,99,35,252.7,106,63,69.1,10
F,99,75,30,119.4,52.3,27,35.6,11
F,100,77,23,135.7,58.9,27.6,39,12
I,124,94,28,171.3,71.9,32,59,9
M,127,103,32,241.5,107.7,56.4,69,11
F,113,80,26,139.5,61.5,33.3,36,8
M,136,103,34,322.3,168.3,61.2,79,11
F,117,94,34,219.8,79.5,46.5,71.6,20
I,95,70,25,84.5,38.1,15.8,27.1,9
M,129,102,33,280.6,115.1,50.3,90.9,11
I,77,53,16,50.2,24.8,7.4,14,6
F,120,94,38,226.9,98.4,51.9,67.5,10
F,126,95,30,214.4,86.6,59.5,63,8
M,100,80,25,119.5,54,25.5,33.2,9
M,118,93,28,209.2,93.9,52.6,52.6,7
F,98,78,27,118,43,25,36.9,12
I,97,83,28,114.1,50,26.8,37,8
F,92,71,26,91.6,38.4,21.1,26,13
F,125,97,27,260.5,122,53.5,72.1,14
F,119,93,30,205.1,82.4,54.9,57.8,11
M,122,96,33,248.7,111.5,53.5,74.4,8
M,104,80,24,164.6,59.6,36.1,53,15
F,122,100,36,287.6,103.7,74.7,66.9,9
M,126,97,31,255.6,127.4,55,62,8
F,108,77,28,153.1,65.3,23.2,47.3,10
F,129,100,36,255.7,106.9,59.9,69,13
I,82,67,21,66.1,28.1,12.8,21,7
I,78,62,17,68.8,36.2,13.9,15.8,7
F,111,89,35,229.3,110.2,48.8,55.7,8
M,69,54,19,39.4,13.3,10,14,9
I,104,76,27,107.9,45.9,26.6,31.4,8
M,130,97,28,235,95,48.7,43,8
M,98,79,28,109.8,44.3,25.5,30,11
F,104,83,29,160.9,66.5,34.5,57,10
F,130,99,32,262.1,115.4,66.3,71,9
F,97,75,27,111.2,38.5,26.3,33.7,10
F,103,85,27,142.4,53.3,32.1,50,11
M,120,94,33,211.8,100.8,48.2,55,9
F,93,70,23,84.2,31.3,18.2,26.9,9
M,109,84,28,150.1,49.5,26,51,22
I,102,79,26,120.5,56.2,28.6,32.4,7
M,116,94,33,185.4,64.3,39.7,63,11
I,99,78,25,133.1,56.8,32.4,40,11
F,128,101,38,247.1,88.7,62.1,73,14
F,124,97,44,302.2,101.9,56.8,102,17
I,90,69,27,88.6,39.5,17.5,23.5,14
M,115,87,26,202.1,73.6,44.4,64,10
M,114,96,36,187.9,79.8,40,59,14
M,96,77,29,128,58.5,28.1,31.5,6
M,137,107,31,276.9,132.3,42.9,81.5,10
F,129,101,33,263.6,110,60.3,67,11
F,106,86,34,155,70,30.4,47,17
I,102,76,23,103.1,43,22.7,33.2,8
M,75,60,20,49.3,20.8,9.5,16.6,11
I,83,62,18,56.3,24.9,12.3,17,6
F,126,97,34,264.1,118.9,69,69,9
F,124,100,34,229.6,109.5,44,66.3,10
I,49,41,12,15.3,6.8,2.8,4.3,4
M,122,94,30,232.5,113,51.6,61.7,11
I,85,65,23,73.7,32.4,17.3,20.9,7
F,130,99,35,245.4,105.6,51.6,74,11
M,139,110,39,332.9,145.4,72,89,11
I,110,87,25,148.2,69.6,31.7,41.2,9
M,90,70,20,73.5,29.3,20.3,24,10
M,121,89,28,196.4,85.9,41.7,59,12
I,79,58,19,63.8,27.6,16,16.4,7
I,109,86,30,145.7,60.4,26.3,50.9,10
M,135,108,35,310.9,132.9,55.6,102.4,12
M,71,56,19,49.1,19.1,12.4,15,11
F,78,60,20,53,21.5,12,17.3,13
I,83,62,19,68,36.2,11.4,16.6,6
I,87,71,25,81.5,30.7,14.8,33,9
F,123,95,33,204.6,98.1,39.1,60.7,12
I,72,57,21,48.3,18.3,11.4,15,7
F,125,96,34,270.5,124.7,55.6,73,10
M,149,117,43,499.8,185.3,94.4,140,17
F,120,100,32,224.4,101.9,51.2,61.8,10
F,144,118,41,349.9,155.1,84.5,96,11
I,72,56,16,35.1,16.2,10.1,14,6
M,116,93,35,207,80.2,37.3,77,17
F,79,60,21,67.5,28.7,15.1,19.6,12
M,126,97,32,248.6,124.6,55,60,10
I,50,38,13,16.7,7.8,3,5,5
M,119,90,29,191.8,92.6,41.3,50.7,10
F,93,72,24,95.3,38.4,22.5,32,10
M,90,64,20,76.2,34.1,15,23,9
F,139,110,32,327.3,138.8,60.1,88,13
I,60,47,16,26.2,10,5.3,8.6,4
F,127,103,38,274.3,101.3,61,90,10
F,148,113,41,423.8,193.1,103.7,96.4,12
M,136,108,31,306.8,134.2,75.8,76.8,10
F,100,78,26,127.1,50.1,32.7,39,15
M,70,52,18,39.6,14.5,11.2,12,10
M,122,73,31,215.3,97.6,49.8,54,9
I,76,56,17,54.7,23,12.2,17,6
I,83,66,18,71.9,34,16.2,18,6
I,64,50,16,31.3,11.4,6.8,12,9
M,111,82,25,119.8,46.9,29.3,38.8,8
I,81,62,19,68.5,35.7,12.8,17.1,8
F,92,73,23,89.7,33,16.6,34,14
M,101,80,31,168.3,54.3,35.5,57,12
M,103,80,28,126.7,57.6,29,33.6,9
F,116,88,36,170.8,73.3,32.7,49,12
F,113,88,30,172.6,87,29.8,54,9
M,122,100,48,328.4,106.4,66.9,138,18
F,125,99,32,222.3,89.9,56.5,69,11
M,94,72,21,108.8,54,27.9,25.8,7
I,110,85,30,153.3,67.8,35.2,42,8
M,134,104,35,295.1,125.5,75.8,74.8,10
I,62,45,15,31,13,7.4,7.3,6
F,127,99,35,247.1,104.1,61.7,69.4,10
I,28,21,7,2.9,1,0.7,1,4
M,130,105,35,294.3,135,63,79.8,11
F,135,109,39,346.9,136.9,73.9,121,20
I,116,84,28,140.2,65.7,20.4,45.1,9
M,126,98,31,250.5,126,49.2,57.8,9
I,119,94,27,187.3,86.8,36.8,57.4,10
I,108,84,28,148,71.9,31.8,39.7,8
F,93,70,25,96.4,46,21.2,21.9,6
M,139,112,38,298.8,117.6,68.5,97,15
F,101,81,32,136.7,54.2,29,43,10
M,105,79,33,156.4,57,28.1,57,19
I,90,72,25,90,38.2,17.3,29,12
F,136,110,38,361.4,164.5,73.1,103,11
F,101,95,32,223.1,101.8,47.8,61.3,8
M,107,84,30,139.9,51.5,30.6,48,12
I,109,84,25,143.4,71.6,22.4,44,8
M,103,79,27,201.4,94.4,49.9,50.4,8
M,100,76,24,115.3,54.6,27,29,9
M,94,77,27,117.9,55.3,24,34,8
I,80,60,22,63,21.8,13.4,24,9
F,122,93,32,214.5,96.7,50.3,56,10
F,107,84,26,139.8,62.5,31.3,40.7,8
F,130,105,33,247.6,129.4,49.7,60.1,9
I,68,50,15,35.7,13.3,9.1,9,5
F,103,79,33,151.3,38.1,34,64.1,10
F,68,51,17,40.8,19.4,4.2,10,6
I,100,78,26,101.5,42.3,20.8,35.1,9
I,93,74,24,87.3,37.6,16.3,29.4,9
M,108,84,24,162.3,78.4,29.1,44.7,9
M,123,96,36,231.9,96.9,43.3,65,13
I,105,80,28,139.1,48.1,32,50.6,10
M,122,94,35,242.8,106.3,56.7,65,10
I,79,60,24,59.9,25.3,13.6,17.9,8
M,131,105,36,280.4,124.8,58.7,73,13
M,115,85,28,172.7,78.6,45.4,40,11
M,116,86,25,182.3,89.2,41.5,24.2,10
I,90,68,24,98.5,48.2,21.5,24,6
F,108,84,28,161,73.8,34.5,42,11
M,94,75,26,115.9,42.9,32.8,39,13
M,110,77,26,145.5,68.6,32.5,38,8
F,76,64,23,129.5,64.6,26.5,32.8,7
F,134,108,39,323.8,148,66.1,93,11
F,76,61,21,56.2,20.9,12.3,18,12
F,114,94,28,174.2,77,42.2,46.3,10
M,101,78,23,111.7,51.5,23.8,30.7,8
I,88,66,27,104.4,34,18.1,39,16
M,110,84,29,147.7,64.2,29.7,50.4,11
F,95,72,25,89.4,33.9,16.2,28,9
F,139,110,37,335.8,161,80.3,79.3,10
I,99,77,25,102.5,41.5,23.1,34.4,10
M,124,96,31,251.1,105.4,74.8,63.5,11
F,123,95,31,223,96.8,42.3,71,10
F,89,65,25,91,35.7,22.5,28,9
M,64,48,17,34,13.1,9.4,9.8,7
F,109,82,23,135.3,58,31.6,44,9
I,49,36,13,14.2,6,2.6,4.3,4
M,122,98,32,222.4,93,45.6,68.2,10
F,124,95,30,190.9,91,37.3,55.4,9
M,91,71,26,103,40,25.5,35,11
I,100,82,28,132.3,51.7,32.5,39.2,9
F,127,100,33,291.9,141,52.9,78,9
I,33,24,6,4.3,1.4,1,1,3
M,113,89,30,159.2,72.7,36.8,43.8,8
F,128,100,30,240.3,111.8,46.2,67.1,9
I,90,70,27,98.8,44.1,18.9,28.1,7
F,116,92,37,203.4,70.3,40,64,10
M,132,105,36,295.6,116.3,76.2,74.4,10
F,131,100,41,305.6,124.3,74.5,90.7,11
F,141,111,40,293.7,94.3,64.7,104,19
I,73,54,17,39.2,16.5,7.5,12,7
I,89,69,26,81.5,27.3,12.9,36,11
F,124,94,40,245.1,76.2,54,87,23
I,99,77,25,117,55.1,24.7,33,8
M,139,103,35,303.3,115.6,82.1,78,15
M,113,88,37,181.8,68.8,46.5,51,15
I,64,48,14,26.6,11.7,5.1,8.2,6
F,119,90,30,222.8,117.3,44.1,50,11
I,103,79,25,111.2,53.9,19.2,34,8
I,51,37,13,14.8,6.1,3.3,4,4
M,116,93,29,177.4,88.1,33.1,53,11
M,88,73,25,103.2,43.1,22.8,31,10
F,88,71,23,83,31.7,18.5,26.2,11
I,72,53,15,35.7,15.7,7,10.8,6
F,130,104,39,256.2,119.7,49.2,76.5,10
M,65,48,17,34.6,15.9,7.6,10,7
I,85,62,21,73,31.8,16.5,21,6
I,101,85,25,122.3,49,27.5,40,9
M,114,84,31,201.6,75.4,38.6,68,13
I,45,34,10,10.3,3.8,2.4,3.4,4
F,105,83,34,166.5,55.1,33.7,62,13
M,109,92,32,179.5,68.2,33.1,69,10
I,85,65,20,79.6,23.7,12.9,18.9,6
I,106,79,26,115,49.4,23,36.6,9
I,46,33,12,10.3,3.8,2.9,7.2,4
F,129,98,32,228.8,100.3,57.8,63.8,8
I,73,55,27,48,21.6,8.9,14.7,7
F,130,103,43,299.6,112.8,64.6,85,16
M,128,99,34,227.8,107.9,56.4,57,10
I,37,27,9,6.4,2.2,1.3,2,4
F,120,94,27,194,93.1,39.1,52.8,11
I,75,56,16,43.3,18.7,18.5,14,7
F,110,94,30,184.1,76.2,48.7,53.5,10
I,97,73,25,85.2,32.6,19.3,30.2,8
M,122,96,33,248.8,126.9,51.4,61,12
I,87,67,22,76.6,31.1,13.5,27,12
I,94,70,26,93.2,36.9,19.8,29,11
F,146,114,33,403.3,213.7,83.6,87,10
M,139,109,37,314.3,132.9,76.7,90.1,13
F,123,100,33,265.4,120,60.3,71,10
I,145,110,44,409.9,154.7,88.1,131,10
F,120,95,31,242,130.6,33.9,64.1,10
I,96,78,30,125.5,55.2,26.8,37,13
I,85,63,20,75.4,32.9,14.4,21,6
M,130,105,38,322.5,155.4,73.7,79.3,11
M,100,78,26,141.8,55,33.6,36,11
F,129,96,34,226.9,105.6,50.8,61,10
M,117,93,32,191.1,91.9,47.2,53,7
I,104,76,28,105,35.5,23,37,11
F,121,99,34,218.3,87.3,54.3,67,13
I,119,95,31,196.8,97.3,36.8,55.1,10
F,121,94,32,216.7,108.1,44.3,55,12
M,84,67,23,73.8,34.2,14.2,24,8
I,81,62,18,62.4,27.6,12,17.4,8
F,89,71,30,97,36.2,25,31,11
F,134,102,31,255.6,112.1,60.9,71.6,11
I,106,81,26,132.3,58.9,27.9,38,9
I,70,50,20,80.3,34.5,12.6,25.1,7
F,119,91,28,182.8,77.9,44.5,54.2,9
M,115,92,31,178.4,88.3,35.2,44,10
M,82,62,25,71.9,28.3,17.7,23,11
F,104,75,27,107.5,44.2,23.4,34,8
F,110,85,28,190.4,97.9,38.9,43.7,7
M,85,70,21,78.6,26,12.6,33,9
F,125,97,30,218.9,106.2,52.2,59.2,10
M,130,99,32,241.5,110,53.9,64,10
M,127,95,34,238.7,104.1,53.9,73.3,10
M,101,82,25,128.4,57.8,26.6,31,9
M,117,94,29,191.3,80.5,47.3,53,9
M,127,105,41,296.8,110,62.3,86,20
F,119,93,30,196,82.3,39.2,45.1,10
F,109,86,28,166.4,87.1,34,40.2,9
F,117,95,37,171.5,69.3,35.7,55,12
I,99,75,24,122.8,57.1,27.3,32.2,8
I,111,87,28,153,78.9,30,41.2,8
I,72,60,17,54,23.7,12.8,14.9,7
I,64,47,16,29.7,12.8,6.2,9,6
F,119,93,29,221.4,80.4,48.3,62,12
M,109,84,25,194.9,70.6,34.8,61,13
F,115,92,33,191.5,96.3,38.9,47.2,10
M,127,98,32,220.2,106.8,37.3,69.1,10
I,102,79,21,110.5,46.8,25.4,33,8
I,96,70,27,109.3,54.7,19.9,31.6,8
M,126,102,38,299.7,82.5,61.5,109,16
M,120,82,29,187.8,89.5,39.2,53.6,8
M,103,77,26,124.6,57.1,25.7,35,10
I,60,44,13,23.9,10.4,3.1,7,5
F,132,106,37,269.7,98.6,49,98,12
F,115,85,30,175.3,91,36,45.6,8
F,110,86,30,131,52.7,24.4,44.2,8
I,65,49,15,29.9,12.1,6.6,9,5
F,135,107,44,320.8,123.5,85.1,90.6,14
I,91,71,16,90.4,43.3,19.9,25,9
I,102,80,25,111.5,52.3,23.9,30.5,9
M,101,77,30,128.3,49.2,30.4,43,12
F,129,100,31,244.1,122.9,47.2,63.7,10
M,91,70,22,91.6,40,22.2,26.1,8
M,136,107,37,321.4,144.9,64.3,99.6,12
F,115,86,31,159.1,69.7,38.5,44,9
M,125,100,26,216.4,115.7,40.9,50,8
F,129,100,45,325.2,117.4,81.1,82,15
M,115,89,29,169.4,83,38.9,44,9
I,120,95,30,224,113,49.3,54,10
M,141,112,33,335,159.4,81.9,77.6,10
F,123,95,34,220.5,93.9,47.1,69,14
M,59,43,15,25.8,10,5.9,8,7
I,104,76,26,106.9,47.5,24.4,30.7,8
M,113,90,28,201.1,75.7,48.8,53,12
M,94,75,24,111.3,45.2,24.4,39,12
M,105,85,24,173.3,56.5,35.2,58,18
F,110,88,30,178.9,62.9,30.2,64,19
I,107,78,25,119.8,51.9,29.8,33.8,9
M,130,103,35,293.2,135.4,60.9,80,10
M,134,101,32,251.7,125.1,62.2,61.6,12
M,115,95,29,171.4,73.3,34.6,53.8,9
M,114,90,29,190,80.1,44.7,56.9,10
I,84,62,20,56.1,22.5,12.3,18.5,8
M,103,78,28,135.6,68.2,26.5,23.8,8
M,100,80,33,165,50.8,41,57,13
I,95,70,24,98.1,40.7,26,27,7
I,88,65,20,83.3,37,17.3,22,6
I,115,90,27,164.9,67.5,42.3,47.8,11
M,122,96,30,229.9,112.8,54.8,52.8,8
F,103,78,26,115.1,39.5,26,36.9,9
M,139,108,39,338.2,153.6,72.6,95.1,11
F,124,102,41,269.5,95.5,51.3,96,14
I,79,59,20,54.3,26.8,6.5,17,10
I,79,59,20,58.6,28,12.4,16.4,7
M,93,70,28,115.1,40.3,30.1,38,15
M,85,66,26,88.1,30.4,18.7,31,9
I,66,46,16,28,11.3,7.3,9.2,7
I,48,35,13,13.3,6.2,2.7,3.4,3
I,80,63,18,64.9,30.2,14.6,17.6,8
I,55,40,15,17.2,6.1,3.8,6,7
I,62,48,21,57.7,23.6,13,16.6,6
M,117,96,37,208,86.8,53,57,10
M,115,88,29,174,78.9,43.9,45,8
M,105,80,28,144.1,73.7,29,34.7,8
F,133,102,35,276.1,135,59.7,65,10
F,135,107,32,282,118.4,63.5,84,16
I,109,81,26,131.6,65.4,28.9,34.8,8
M,112,89,32,179.3,84,43.5,44.3,8
M,82,63,19,61.2,24.2,14.7,18,9
F,126,101,33,213,91.9,43.2,63,12
F,91,70,24,91.1,38.9,20.9,27.5,7
I,81,61,18,56.5,22.8,11.5,19,7
I,96,71,23,94.5,41.3,22.4,26.4,8
M,111,92,32,172,66.9,38.7,55,10
I,115,89,34,160.3,69.5,29.3,50,9
I,96,76,25,104.6,42.1,20.9,35,15
F,121,90,33,244.5,71.4,40.4,77,13
I,62,43,15,25.5,11.3,5.5,7.2,7
M,118,97,24,182.2,78,36.4,58,16
F,93,78,22,127.1,36.3,31.4,45,13
F,133,107,38,299.2,115.5,56.3,95,17
I,130,104,30,247.6,109.9,59.2,66.1,10
F,116,95,31,194.8,86.1,46,57,10
F,124,102,30,291.2,116.2,57.5,64,13
I,106,84,24,119.3,51.1,28.2,35.4,7
M,123,95,30,207.5,95.2,46.5,56.6,9
F,134,101,35,202.9,87.5,54.2,74.9,10
F,125,97,35,274.9,146.7,54.3,66.4,9
M,73,59,16,51.1,19.4,8.6,20,7
M,114,90,27,204,109.2,40.8,50,9
M,94,73,27,104.4,47.9,30.5,29,10
M,119,96,37,235.7,105.2,59.5,62.8,10
M,87,67,22,87.7,41.5,14.3,26.3,7
M,120,102,37,257,121.9,54.9,63,9
M,152,115,38,365.8,140.7,77.2,112,14
F,120,96,36,212.9,89.9,49.1,65,10
F,125,95,32,266.7,121,57.5,63.8,10
M,118,95,29,210.6,88.3,52.4,65,15
I,86,70,21,73.2,34.1,17.1,22,6
I,54,41,10,16.8,6,3.7,5.8,6
F,82,61,20,72.6,34.7,13,22,11
M,118,94,30,199.1,96.2,46.4,48,8
I,88,73,22,89.3,42.6,17.8,22.7,9
F,112,84,36,332.9,155.1,70,90.5,9
I,103,80,25,118.5,53,23.5,33.6,9
F,142,112,36,330.4,147,76.2,90.5,11
F,106,81,26,127.1,52.7,31.3,37,9
M,144,115,46,453.9,176.7,79.7,133,16
F,163,130,50,451,178.1,84,159.5,14
I,55,35,18,46.3,19.2,11.4,14.1,5
I,77,56,17,43.5,19.4,7.6,13.4,8
I,107,83,30,115.3,71.9,27,45,8
F,99,76,24,114.6,53.1,25.7,28.8,7
I,98,75,25,108.9,55.8,23,26,8
M,103,79,24,129.2,57,27.3,34.4,9
F,127,99,36,319.2,123.4,63.4,74,11
I,72,50,23,93,42,21.1,25.6,7
F,149,114,43,450,231.3,89.2,111.6,9
M,129,100,35,267.5,110.8,61.6,83,10
I,55,39,18,22.5,10.9,5.9,7.1,6
F,92,73,25,95.7,41.2,20.9,28.2,8
M,114,88,19,165.4,67.9,44.3,47,8
M,112,91,31,159.4,68,38,48.5,11
I,111,85,29,158.1,69.7,35.3,45,9
F,135,110,38,310.2,142.1,73.7,82.4,13
I,78,58,20,56.9,25.1,12.7,16.2,7
M,137,102,33,309,137.2,75.5,81.1,10
M,90,67,28,95.6,37.3,23,32,11
M,82,60,20,60.2,24.8,13.8,18,9
F,128,101,35,263.7,123.7,60.4,66.3,9
F,95,76,29,114,33.4,23.6,37.4,11
M,97,74,26,105.2,49.7,21,31.1,6
M,47,34,11,10.3,3.6,2.1,3.9,7
I,115,89,32,183.5,90,38.7,48,9
F,119,96,40,195,71.6,40.7,68,15
I,105,78,24,132.8,62.3,29.4,35.6,9
M,96,74,20,102.7,48.6,20.3,27,8
M,101,79,27,118.3,57.6,26.3,37,12
F,120,95,36,236.1,86.9,49.5,85,19
F,103,80,23,115.6,38.2,28.9,34,9
M,81,61,17,52.1,22.9,11.9,17,8
I,80,63,17,53.5,23.2,11.7,15.3,6
F,140,115,40,347.3,155.1,79.3,92.2,11
I,92,72,20,92.7,46.5,18.6,23,7
I,106,86,32,144.9,64.2,25.5,48,9
M,123,91,30,186.7,76.4,49.4,52.3,10
I,97,75,25,112.4,50.1,26.9,30.5,8
M,107,84,25,152.8,62.4,30.1,53,11
F,121,99,34,247.7,105.6,49.3,78,14
M,122,97,32,202.9,106.3,42.4,48.3,8
M,120,96,33,183.3,82.7,39.3,54.5,9
F,76,61,19,56.3,25.1,10.5,18,8
F,142,113,39,363.4,157,98.4,98,11
M,127,97,36,235.9,95.7,55.5,71,10
M,133,104,35,274.5,121.2,64,79,12
I,79,60,18,57.1,27.7,12.5,15.4,5
I,117,92,29,169.3,67.8,33.4,59,10
M,110,86,30,174.9,82.6,38.1,49.6,9
M,120,91,34,238.3,139.2,47.9,48,8
M,128,102,35,273.6,103,53.2,114,21
F,127,101,34,252.7,102.4,64.4,71,9
M,97,74,31,193.6,83.8,49.1,47.3,9
I,74,56,18,43.6,19.9,10.9,12.3,7
F,104,82,31,145.4,58.2,36.7,47,12
M,116,98,26,226.7,117.2,51.3,47.4,9
M,155,114,44,406.4,147,95.1,131.7,17
I,106,79,25,124.7,59.5,21.6,39,11
M,102,82,29,159.2,77.3,36.3,39.1,8
F,116,92,27,185.2,80.5,41.6,55,8
I,70,54,18,41.1,15,11.5,12.4,6
F,116,90,47,214.2,60,41.2,79,14
I,43,33,11,11.8,5.3,2.5,3.7,5
F,131,103,31,261.8,104.8,69.2,77,11
I,59,43,14,24.2,9.4,3.1,8.1,6
F,120,94,40,206.2,78.4,40.7,58,15
I,57,44,13,19.2,8.1,4.1,6,5
F,95,75,28,100.2,38.4,23.5,35,13
M,100,74,30,212.3,98.8,44.6,59.2,9
I,73,56,18,39.2,17.3,7.2,12.1,7
M,126,96,30,235.7,103.7,49.6,64.7,8
M,109,82,29,174.6,60.7,39.2,62,18
M,113,88,25,160.4,71.9,36.5,43,9
F,92,66,30,106.5,41.7,36.1,25,10
F,121,101,36,286.8,145.7,52.8,86.2,11
M,128,117,39,329.4,144.5,66.2,94.2,12
I,108,85,27,137.2,69.5,30.9,42.6,8
I,74,54,19,46.4,26.5,8.2,12.3,6
M,93,72,21,86.2,34.4,21.4,35,9
M,125,94,35,235.8,121,51.6,54.2,9
F,98,74,28,117,48.6,23,39,10
F,105,86,33,143.4,57.8,34.9,39,10
F,116,100,33,185,74,37,60.1,10
I,79,65,21,61.2,22.2,14.7,19,8
F,126,96,32,239.8,105.3,67,63,11
F,126,96,33,252.3,110.1,55.4,77.7,10
M,134,108,35,296.4,147.8,58.5,73,10
I,115,88,30,196.6,97.2,43,47.8,8
M,105,81,32,158.4,63.2,29.1,56,13
F,116,85,30,168.8,72.9,37,54.1,9
I,89,72,22,84.7,36.4,15.3,28,9
M,129,100,36,292.2,119.7,48.5,87.8,11
M,136,108,42,357.7,166.9,81.6,87.4,13
I,84,61,20,68.3,32.9,15.5,17.2,7
M,114,92,34,180.7,81.5,38.7,42.8,7
I,75,56,16,46.9,22.5,9.1,13.4,6
I,74,55,16,46.5,18.6,11.2,14.4,6
I,84,65,25,78.3,31.5,20.5,23,9
I,97,75,28,104.2,40,24.6,34,8
I,60,45,15,26.9,11.4,5.6,8.8,5
F,122,92,29,223.7,95.6,58.9,59.7,10
M,116,90,28,202.6,76,43.2,72,14
I,93,65,28,152.3,72.4,30.7,41.8,10
M,106,83,28,144.8,62.1,33.5,41,10
F,127,100,38,258,118.6,60.9,70.4,8
F,126,101,39,261.2,103.2,66.1,75,9
I,77,58,18,47.3,20,10.1,15.2,8
F,130,100,38,292.8,128.3,67.8,84.9,9
I,111,86,25,140.1,67.9,27.1,41.9,8
I,92,70,22,80,35.2,16.6,24.1,7
F,128,101,38,255.3,96.7,65.6,80,12
M,127,99,34,273.9,131.4,61.1,73,10
M,119,91,29,188.4,86,36.4,55.4,11
I,38,26,9,5.3,1.8,1,1.8,5
I,108,84,28,145.3,64.1,28.9,45.8,9
M,110,85,31,183.5,55.5,48.6,67,13
I,79,60,18,55.8,26.8,9.8,15,8
M,128,103,36,249.4,109.5,58.5,73.7,10
M,130,103,36,292.6,131.6,62.7,82.3,11
I,94,75,25,104.5,45.3,20.8,32.4,8
M,126,96,33,257.2,120.8,54.2,70,8
I,87,69,24,89.5,44.2,22.4,25,7
I,84,66,20,70.4,32.7,17.8,20,9
M,106,87,27,147.3,65.5,26.3,44,12
I,70,50,15,33.9,16.7,7.1,8.2,6
I,89,70,26,83.9,33.9,18.9,23.9,7
I,79,58,19,60.8,25.4,16.8,15.4,6
F,77,60,20,54.5,22.3,11.4,16,6
M,131,118,40,309.1,130.8,75.3,83,11
F,106,79,29,155,61.6,33.8,51,7
M,144,113,29,237.4,138.2,38.9,53.7,8
F,142,111,34,294,107.5,76,86.2,12
M,112,84,39,161.7,60.5,35.9,57,14
M,122,90,30,174.2,81.4,36.7,50,10
F,105,84,32,151.2,54.9,34.6,55,9
F,134,104,38,264,104.7,61.9,85.5,13
M,120,95,38,217.5,80.6,53.1,65,14
I,112,89,31,174.7,60.1,41.8,55,16
F,82,63,22,64.2,25.1,13.1,19,10
F,112,91,25,188.6,68.8,25.8,75,21
M,134,105,33,321.7,136.4,62.9,80.1,11
F,80,67,23,86.7,42.1,24.1,24,10
F,129,100,32,249.3,109.5,65.4,60,10
M,102,81,25,138.5,65.4,31,36.1,7
M,94,70,20,95.5,37.7,17.7,35,8
F,97,74,23,95.7,39.9,19.1,25.8,7
I,132,105,36,338.7,120.5,80.1,84,15
I,68,52,18,35.8,15.2,10.5,11,6
M,124,97,31,205.9,85,46.3,67,12
I,112,85,28,183.5,80.1,39.5,52,10
M,110,87,28,152.5,65.4,33.7,51.8,10
F,116,91,32,184.3,62.4,39.2,60,17
F,133,106,37,279.1,91.2,64.1,98,15
I,71,52,18,38.5,15.4,7.6,13,8
M,118,95,28,195.4,92.5,40.5,55,10
M,127,99,39,234.4,89,62.3,69.5,11
M,117,92,37,184.4,72.7,42.6,57,10
I,103,78,24,113,47,27,35.8,9
F,92,72,23,95.1,42.1,21,32,8
F,125,99,32,246.8,126.7,38.4,70,13
F,131,100,44,271.8,128.4,65.1,81,13
F,130,100,34,280.9,138.8,63.6,64.7,11
I,95,72,22,98.4,42.2,22,30,8
F,87,67,22,76,33.9,17.2,22,9
F,111,84,28,173.6,66,48.6,42,13
M,139,105,35,348.4,139.2,77.8,101,12
M,95,71,25,92.5,37.2,21.4,29,9
F,104,82,25,139.7,58.9,32.5,43,10
I,95,72,27,87.1,39.2,18.5,25,8
F,101,82,30,126.9,48.6,26.7,43,17
I,77,58,18,52.3,22.2,11.9,14.9,9
I,84,64,23,75.2,33.8,18.4,20,5
F,135,106,35,289.3,135.5,66,77.8,10
M,101,80,27,144.6,75.4,29.8,35.6,7
F,76,65,22,62.1,24,14.8,21,10
M,127,99,31,272.7,116.6,59.7,59,10
F,100,77,21,99.6,35.9,21.9,34,17
M,109,82,28,125,44.6,32,47,13
M,110,82,30,157,56.4,37.2,55,12
I,106,83,22,114.9,50.5,24.7,37.8,9
F,102,79,24,123.5,52.4,24.4,38.6,12
I,41,30,13,8,4,2.2,2.6,4
M,120,94,32,202.4,88.2,40.3,61,10
I,63,47,11,30.2,13,5.4,7.8,6
M,111,88,27,180.5,76.1,42.1,56,13
M,111,87,29,193.7,99.7,33.6,47.7,9
I,94,69,24,73.7,30.5,12.3,25,8
M,124,97,41,243.8,77.5,50.1,77,14
M,70,53,18,39.4,14.6,7.3,15.4,7
I,87,65,21,67,27.2,13,23,8
I,113,87,29,168.9,79.5,31.6,51,9
F,129,101,33,286.5,136.8,61.6,67.2,8
I,94,71,29,89.7,31.2,20.4,24.6,7
I,96,76,25,124.9,67.9,21.7,33.3,8
M,124,102,35,323,102.1,38.4,135,12
F,109,88,27,183.7,85.8,40.3,47.5,10
F,81,62,24,61.9,27.6,11.6,19,13
F,134,110,38,278.1,108.5,60.7,80,12
I,88,70,22,76.1,31.5,17.9,23,6
I,87,66,21,67,31.2,11.1,21,8
I,80,62,20,61.2,26,12,18.8,6
F,132,103,34,267.4,123,62.5,71.5,10
I,73,54,17,44.5,18.7,10.5,13.2,7
M,130,104,42,335.7,133.3,61.6,92,11
F,127,97,33,253.9,112.7,61.3,67.9,11
M,105,77,20,102.3,49.2,20.1,29.1,8
M,128,101,36,259.4,118,62.5,72.6,11
F,95,70,23,97.4,38.8,29.1,25,13
M,122,94,31,206.5,99.4,43.5,55.7,9
M,88,71,25,95.5,26.4,16.3,38,9
M,132,106,34,278.1,118.1,42.4,90.6,15
F,117,84,31,206.8,87.4,44.5,64,11
I,83,65,20,64.3,30.7,11.9,21,10
F,142,108,41,316.1,160.4,57.4,87,10
F,104,85,33,197.7,79.2,45,64,16
F,144,113,34,322.6,144.6,65.1,98.9,12
I,62,47,14,30.2,12.6,8.1,9,6
F,119,95,34,249.4,96,45,85,20
F,87,70,24,91.7,38.4,20,26,11
M,125,100,37,248.5,119.9,49.6,67,10
F,91,71,226,118.8,66.4,23.2,26.7,8
M,108,84,38,137.1,58.6,32.6,76,10
M,130,102,32,276.7,127.7,58.1,73.3,9
M,131,102,43,356.7,177.7,81.9,83.9,11
I,78,62,20,60.4,23.2,12.8,23,11
F,120,95,32,205.3,97,49.9,51.3,9
I,90,71,24,82.4,22.9,13.3,32,19
M,123,99,40,243.8,112.8,45.4,77.7,10
M,119,92,31,206,85.5,41.4,66.1,10
F,128,101,33,244.7,104.3,53.9,72,10
I,87,65,20,73.2,34.8,14.5,21.8,7
F,105,78,27,120.1,45.3,26.2,42,16
I,92,68,18,76.8,35.9,13.6,22,8
M,130,105,35,307.3,137.3,71.7,81,11
M,111,81,38,281.2,122.3,68.4,77.8,10
M,90,69,21,82.3,36,22.5,27,7
M,126,106,36,255.9,123.6,51.2,63,9
F,135,102,37,294.6,125.9,60.5,84.9,11
I,80,58,20,51.6,20.8,11.8,16.3,7
F,85,67,19,64.4,24.1,12.2,25,10
M,100,80,25,134.5,67.2,24,36.5,7
M,116,91,30,222.8,95.3,43.1,53,8
M,128,97,32,201.2,91.2,44.9,56.7,9
M,124,95,37,265,120.9,65,66,13
I,104,76,25,110.9,57.6,25.9,33.4,8
F,89,66,21,90.5,36,20.6,24.6,9
F,122,94,29,230.6,80.6,59.2,64,14
M,127,100,36,230.8,88.1,46.3,77.4,9
F,104,80,26,124.9,43,41.3,34,15
M,144,113,40,421.1,203.4,72.6,98.8,12
F,140,110,34,336.8,150.7,65.3,64,11
M,114,91,31,166.4,71.7,34.8,55.4,11
I,67,51,17,35.7,14.2,8.1,11,9
I,116,89,30,177.3,76.6,41.8,51,11
I,51,38,14,16.3,5.6,3.2,6.2,5
F,113,90,35,247.3,106.1,49.1,61.6,10
F,144,115,36,334.1,146.4,72.1,100.2,12
I,53,39,12,18.4,6.9,5,4.9,6
M,104,80,29,155.3,70.5,36.9,37,9
M,114,86,24,212.3,69.6,33.4,62,15
F,132,106,36,303.5,155.3,60.4,80.2,10
I,93,69,21,80.3,48.4,6.9,21.8,6
I,95,72,29,126.5,56.5,27.4,38,8
I,86,68,21,88.1,47.7,14.9,21.5,6
F,112,88,28,185.7,76.5,37.6,60,11
F,113,90,39,200.7,81.2,50.1,57,15
F,98,73,26,136.7,33,26.3,41,21
M,125,98,35,266.5,114.1,54.2,81,10
I,90,70,28,94.8,42,21.8,25.5,16
F,136,101,34,268.7,131.4,59.4,71,12
F,117,92,33,211.6,97.2,50,58.8,9
F,100,80,30,161.7,54.6,22.4,59,13
I,72,54,18,41.5,19.6,7.8,12.4,6
I,83,67,20,71.6,33.8,13.4,21,7
F,140,117,37,361.5,141.1,64.3,95,29
F,120,97,33,228.1,117.4,43.5,57.6,9
F,125,97,35,272.4,135.3,52.3,74.1,10
M,117,93,31,182.9,91.1,39.3,47,9
M,111,88,30,167.6,83.1,29.2,46,8
I,116,92,28,185.3,82.7,36.9,54,10
F,125,100,35,254.6,112.8,60.4,74.8,9
F,128,100,33,232.7,110.8,47.8,64,11
M,67,50,18,36.2,15.1,8.3,12,7
F,114,90,33,180.6,66.1,36.9,59,14
I,110,89,25,134.4,57.6,27.3,42,11
F,106,84,28,125.4,58.1,23.3,36.6,8
F,113,89,31,165.2,68.2,41.1,49.5,10
M,120,94,31,207.2,87.5,39.2,65,20
F,94,73,24,116.4,58,18.4,29.2,8
I,79,64,20,61.5,29.8,10.7,18,8
F,133,100,35,287.1,128.6,69,74,9
I,92,69,21,89.8,39.2,18.9,25.3,7
I,76,58,20,47.4,21.6,7.9,16.4,6
F,137,108,43,340.5,132.8,73.1,94.7,14
I,106,84,37,150.4,59.8,31.2,41,20
F,116,86,34,296,130.7,64.8,83.1,10
I,113,84,31,148.6,62,37.2,46.2,9
M,98,76,27,108.3,43.5,19,38,11
F,143,105,37,312,133.1,76.6,81,11
I,56,42,17,21.3,7.8,5.9,6,4
F,93,76,27,115.8,41.6,21.9,44,14
M,65,46,18,29.4,12,6.8,9,4
F,122,92,31,191.4,85.1,39.5,53,8
F,106,80,33,154.4,57.1,39.5,46,12
F,90,72,22,89.4,40.6,16.4,26,12
I,90,67,23,78.7,39,14.2,22,7
F,100,80,25,115.3,47.9,25.2,37,10
I,110,85,27,146.1,66.5,30.9,43,9
M,109,88,24,171.3,69.5,34.3,48,12
F,106,82,29,165.1,75,40.8,49,9
M,94,74,24,115.9,58.6,45.4,28,9
I,117,84,29,134.7,57.9,26.9,44,9
M,116,89,30,190.5,86.3,38.9,57.4,11
I,77,57,17,48.8,24.3,8.9,13.6,8
I,90,66,21,74.3,37.3,15.7,19.5,7
M,114,91,35,204,96.1,42.9,58,9
I,104,79,25,116.1,48.9,29.2,33,9
M,125,99,35,258.7,116.1,63.4,71,9
M,113,87,37,196.3,65.8,27.2,78,13
F,128,100,34,303.5,138.6,65.2,81.8,11
I,115,86,26,148.5,57.9,40.1,44,8
F,124,95,32,264.9,137.3,46.6,65.5,9
F,114,89,31,203.4,105.3,40.5,53,10
I,90,66,23,73,28,16.5,24.9,8
I,99,75,24,117.8,61.5,24.3,28.1,8
M,101,78,24,130.6,66.3,27.7,33.4,9
M,142,113,40,320.2,141.2,64.2,90,11
F,85,69,22,73.3,25,16.2,23.4,11
F,118,93,34,208.5,92.7,48,54,10
M,100,77,24,126.7,46.1,25,47,14
M,95,74,25,129.8,69.4,27.2,28.4,8
I,94,69,23,97.7,40.1,21.6,33.2,11
F,123,95,31,205.4,89.4,50,57,9
I,74,56,17,43.4,21.9,7,12.4,6
F,134,105,39,274,121.3,59.1,81.4,12
I,65,50,14,34.9,17.5,7.1,8,7
M,107,82,24,136.7,62.5,33.1,31.8,8
F,123,103,34,228,86.1,44.9,84,16
M,82,65,24,74.9,31.6,16.2,25,12
M,117,90,30,209.4,86.3,55.2,63,14
I,68,50,18,35.8,15.5,6.6,11,6
F,120,95,30,201.5,88.5,44.2,56,15
M,31,23,5,4.8,1.8,1,1.5,5
F,131,101,33,273.4,116.7,70.3,79.2,10
F,123,99,33,239.6,108.3,57.3,63.7,10
F,118,95,31,194.3,74.2,47,56,11
I,86,64,22,73.5,33.5,20.4,21,8
M,128,103,16,208.4,103,35.1,35,10
M,133,105,36,285.8,134.3,58,80,12
I,112,89,33,166.4,69.1,35.8,55.8,9
F,106,85,26,143.4,42.3,33.2,51,13
M,106,82,33,146.4,37.8,34,62,11
M,122,94,33,210.4,99.6,48.4,53.4,9
F,77,63,22,57.2,24.5,12.7,16.7,10
M,127,105,37,281.3,136.8,60,74.9,10
F,150,113,43,387.6,154.7,96.5,115,11
F,105,88,30,168.5,73.7,39.7,48,12
M,56,40,16,18.3,6.6,4.3,6,5
I,94,75,21,93.6,33.3,21.6,34,10
F,106,79,23,113.7,49.8,27.5,32.2,9
I,75,56,18,43,16.8,12,11,6
I,80,58,22,65.8,37.6,9.1,16.5,6
F,125,98,22,227.2,105.3,38.3,58.5,9
I,65,48,15,30.5,14.4,12.9,8.6,6
F,142,114,39,396.1,198.5,98.5,96,12
F,131,102,32,218.4,79.2,56.5,74,14
M,51,39,13,16,6.3,3.6,5.4,8
M,115,90,27,184.3,70.8,41.8,47.3,9
I,75,55,19,45.9,19,10.9,13.2,7
F,117,90,32,215.4,99.9,57.5,50,10
I,27,26,8,5.8,2.5,1.3,1.6,4
F,121,94,31,194.8,78.6,44.8,66.9,9
M,122,96,30,240,112,49.1,56,14